Workbook

Sheet Employee data
B1: Basis Detail
B2: Month
B3: Name of employee
B4: Employee Code
B5: Designation
B6: Department
B7: Location
B8: Date of Joining
B9: Bank Name
B10: Bank A/C No
B11: PAN No
B12: Insurance Premium
B13: TDS | C13: 0
B14: Advance | C14: 0
B16: Salary | C16: 100000
B18: Basic | C18: 0.35 | D18: =+$C$16*C18 -> 35000
B19: HRA | C19: 0.19 | D19: =+$C$16*C19 -> 19000
B20: conveyance | C20: 0.04 | D20: =+$C$16*C20 -> 4000
B21: DA | C21: 0.33 | D21: =+$C$16*C21 -> 33000
B22: Communication | C22: 0.03 | D22: =+$C$16*C22 -> 3000
B23: Medical | C23: 0.06 | D23: =+$C$16*C23 -> 6000
D24: =SUM(D18:D23) -> 100000
D26: =+C16-D24 -> 0

Sheet Salary Slip
B2: FC TECNRGY PRIVATE LIMITED
B3: Plot no-45, Udyog Vihar- IV, Gurgaon - 122015 Haryana
B4: Telefax- 0124-4263166, Email- info@fctecnrgy.com www.fctecnrgy.com
B5: PAY SLIP
B6: Employee Name | C6: =+'Employee data'!C3 -> 0 | D6: Month
B7: Employee Code | C7: =+'Employee data'!C4 -> 0 | D7: Mode of Payment | E7: Account transfer
B8: Designation | C8: =+'Employee data'!C5 -> 0 | D8: Bank Name | E8: =+'Employee data'!C9 -> 0
B9: Department | C9: =+'Employee data'!C6 -> 0 | D9: Bank A/C No | E9: =+'Employee data'!C10 -> 0
B10: Location | C10: =+'Employee data'!C7 -> 0 | D10: PAN No | E10: =+'Employee data'!C11 -> 0
B11: Date of Joining | C11: =+'Employee data'!C8 -> 0 | D11: Total Days
B13: EARNINGS | D13: DEDUCTION
B14: Basic | C14: =+'Employee data'!D18 -> 35000 | D14: Insurance Premium | F14: 192
B15: HRA | C15: =+'Employee data'!D19 -> 19000 | D15: TDS | F15: 0
B16: Travelling Allowance | C16: =+'Employee data'!D20 -> 4000 | D16: Advance | F16: =+'Employee data'!C14 -> 0
B17: DA | C17: =+'Employee data'!D21 -> 33000 | D17: Other deduction | F17: 0
B18: Communication Allowance | C18: =+'Employee data'!D22 -> 3000 | D18: EPF | F18: 3600
B19: Medical Allowance | C19: =+'Employee data'!D23 -> 6000
B20: Variable | C20: 120000
B21: Total Earnings | C21: =SUM(C14:C20) -> 220000 | D21: Total Deductions | F21: =SUM(F14:F19) -> 3792
B23: Net Pay | F23: =+C21-F21+1-1 -> 216208
B26: This is Computer generated advice & doesn't required a Signature.
